frame,second,predicted_class_max,pushup,abworkout,squat,pullup,run,jump,rest,totalcounter
1,0.041666666666666664,,0,0,0,0,0,0,0,0
3,0.125,,0,0,0,0,0,0,0,0
5,0.20833333333333334,,0,0,0,0,0,0,0,0
7,0.2916666666666667,,0,0,0,0,0,0,0,0
9,0.375,,0,0,0,0,0,0,0,0
11,0.4583333333333333,,0,0,0,0,0,0,0,0
13,0.5416666666666666,,0,0,0,0,0,0,0,0
15,0.625,,0,0,0,0,0,0,0,0
17,0.7083333333333334,,0,0,0,0,0,0,0,0
19,0.7916666666666666,,0,0,0,0,0,0,0,0
21,0.875,,0,0,0,0,0,0,0,0
23,0.9583333333333334,,0,0,0,0,0,0,0,0
25,1.0416666666666667,,0,0,0,0,0,0,0,0
27,1.125,,0,0,0,0,0,0,0,0
29,1.2083333333333333,,0,0,0,0,0,0,0,0
31,1.2916666666666667,,0,0,0,0,0,0,0,0
33,1.375,,0,0,0,0,0,0,0,0
35,1.4583333333333333,,0,0,0,0,0,0,0,0
37,1.5416666666666667,,0,0,0,0,0,0,0,0
39,1.625,,0,0,0,0,0,0,0,0
41,1.7083333333333333,,0,0,0,0,0,0,0,0
43,1.7916666666666667,,0,0,0,0,0,0,0,0
45,1.875,,0,0,0,0,0,0,0,0
47,1.9583333333333333,,0,0,0,0,0,0,0,0
49,2.0416666666666665,,0,0,0,0,0,0,0,0
51,2.125,,0,0,0,0,0,0,0,0
53,2.2083333333333335,,0,0,0,0,0,0,0,0
55,2.2916666666666665,,0,0,0,0,0,0,0,0
57,2.375,,0,0,0,0,0,0,0,0
59,2.4583333333333335,abworkout,0,1,0,0,0,0,0,1
61,2.5416666666666665,abworkout,0,1,0,0,0,0,0,1
63,2.625,abworkout,0,1,0,0,0,0,0,1
65,2.7083333333333335,abworkout,0,1,0,0,0,0,0,1
67,2.7916666666666665,abworkout,0,1,0,0,0,0,0,1
69,2.875,abworkout,0,1,0,0,0,0,0,1
71,2.9583333333333335,abworkout,0,1,0,0,0,0,0,1
73,3.0416666666666665,abworkout,0,1,0,0,0,0,0,1
75,3.125,abworkout,0,1,0,0,0,0,0,1
77,3.2083333333333335,abworkout,0,1,0,0,0,0,0,1
79,3.2916666666666665,abworkout,0,1,0,0,0,0,0,1
81,3.375,abworkout,0,1,0,0,0,0,0,1
83,3.4583333333333335,abworkout,0,1,0,0,0,0,0,1
85,3.5416666666666665,abworkout,0,1,0,0,0,0,0,1
87,3.625,abworkout,0,1,0,0,0,0,0,1
89,3.7083333333333335,abworkout,0,1,0,0,0,0,0,1
91,3.7916666666666665,abworkout,0,1,0,0,0,0,0,1
93,3.875,abworkout,0,1,0,0,0,0,0,1
95,3.9583333333333335,abworkout,0,1,0,0,0,0,0,1
97,4.041666666666667,abworkout,0,1,0,0,0,0,0,1
99,4.125,abworkout,0,1,0,0,0,0,0,1
101,4.208333333333333,abworkout,0,1,0,0,0,0,0,1
103,4.291666666666667,abworkout,0,1,0,0,0,0,0,1
105,4.375,abworkout,0,1,0,0,0,0,0,1
107,4.458333333333333,abworkout,0,1,0,0,0,0,0,1
109,4.541666666666667,abworkout,0,1,0,0,0,0,0,1
111,4.625,abworkout,0,1,0,0,0,0,0,1
113,4.708333333333333,abworkout,0,1,0,0,0,0,0,1
115,4.791666666666667,abworkout,0,1,0,0,0,0,0,1
117,4.875,abworkout,0,1,0,0,0,0,0,1
119,4.958333333333333,abworkout,0,2,0,0,0,0,0,2
121,5.041666666666667,abworkout,0,2,0,0,0,0,0,2
123,5.125,abworkout,0,2,0,0,0,0,0,2
125,5.208333333333333,abworkout,0,2,0,0,0,0,0,2
127,5.291666666666667,abworkout,0,2,0,0,0,0,0,2
129,5.375,abworkout,0,2,0,0,0,0,0,2
131,5.458333333333333,abworkout,0,2,0,0,0,0,0,2
133,5.541666666666667,abworkout,0,2,0,0,0,0,0,2
135,5.625,abworkout,0,2,0,0,0,0,0,2
137,5.708333333333333,abworkout,0,2,0,0,0,0,0,2
139,5.791666666666667,abworkout,0,2,0,0,0,0,0,2
141,5.875,abworkout,0,2,0,0,0,0,0,2
143,5.958333333333333,abworkout,0,2,0,0,0,0,0,2
145,6.041666666666667,abworkout,0,2,0,0,0,0,0,2
147,6.125,abworkout,0,2,0,0,0,0,0,2
149,6.208333333333333,abworkout,0,2,0,0,0,0,0,2
151,6.291666666666667,abworkout,0,2,0,0,0,0,0,2
153,6.375,abworkout,0,2,0,0,0,0,0,2
155,6.458333333333333,abworkout,0,2,0,0,0,0,0,2
157,6.541666666666667,abworkout,0,2,0,0,0,0,0,2
159,6.625,abworkout,0,2,0,0,0,0,0,2
161,6.708333333333333,abworkout,0,2,0,0,0,0,0,2
163,6.791666666666667,abworkout,0,2,0,0,0,0,0,2
165,6.875,abworkout,0,2,0,0,0,0,0,2
167,6.958333333333333,abworkout,0,2,0,0,0,0,0,2
169,7.041666666666667,abworkout,0,2,0,0,0,0,0,2
171,7.125,abworkout,0,2,0,0,0,0,0,2
173,7.208333333333333,abworkout,0,2,0,0,0,0,0,2
175,7.291666666666667,abworkout,0,2,0,0,0,0,0,2
177,7.375,abworkout,0,2,0,0,0,0,0,2
179,7.458333333333333,abworkout,0,2,0,0,0,0,0,2
181,7.541666666666667,pushup,1,2,0,0,0,0,0,3
183,7.625,pushup,1,2,0,0,0,0,0,3
185,7.708333333333333,pushup,1,2,0,0,0,0,0,3
187,7.791666666666667,pushup,1,2,0,0,0,0,0,3
189,7.875,pushup,1,2,0,0,0,0,0,3
191,7.958333333333333,pushup,1,2,0,0,0,0,0,3
193,8.041666666666666,pushup,1,2,0,0,0,0,0,3
195,8.125,pushup,1,2,0,0,0,0,0,3
197,8.208333333333334,pushup,1,2,0,0,0,0,0,3
199,8.291666666666666,pushup,1,2,0,0,0,0,0,3
201,8.375,pushup,1,2,0,0,0,0,0,3
203,8.458333333333334,pushup,1,2,0,0,0,0,0,3
205,8.541666666666666,pushup,1,2,0,0,0,0,0,3
207,8.625,pushup,1,2,0,0,0,0,0,3
209,8.708333333333334,pushup,1,2,0,0,0,0,0,3
211,8.791666666666666,pushup,1,2,0,0,0,0,0,3
213,8.875,pushup,1,2,0,0,0,0,0,3
215,8.958333333333334,pushup,1,2,0,0,0,0,0,3
217,9.041666666666666,pushup,1,2,0,0,0,0,0,3
219,9.125,pushup,1,2,0,0,0,0,0,3
221,9.208333333333334,pushup,1,2,0,0,0,0,0,3
223,9.291666666666666,pushup,1,2,0,0,0,0,0,3
225,9.375,pushup,1,2,0,0,0,0,0,3
227,9.458333333333334,pushup,1,2,0,0,0,0,0,3
229,9.541666666666666,pushup,1,2,0,0,0,0,0,3
231,9.625,pushup,1,2,0,0,0,0,0,3
233,9.708333333333334,pushup,1,2,0,0,0,0,0,3
235,9.791666666666666,pushup,1,2,0,0,0,0,0,3
237,9.875,pushup,1,2,0,0,0,0,0,3
239,9.958333333333334,pushup,1,2,0,0,0,0,0,3
241,10.041666666666666,pushup,2,2,0,0,0,0,0,4
243,10.125,pushup,2,2,0,0,0,0,0,4
245,10.208333333333334,pushup,2,2,0,0,0,0,0,4
247,10.291666666666666,pushup,2,2,0,0,0,0,0,4
249,10.375,pushup,2,2,0,0,0,0,0,4
251,10.458333333333334,pushup,2,2,0,0,0,0,0,4
253,10.541666666666666,pushup,2,2,0,0,0,0,0,4
255,10.625,pushup,2,2,0,0,0,0,0,4
257,10.708333333333334,pushup,2,2,0,0,0,0,0,4
259,10.791666666666666,pushup,2,2,0,0,0,0,0,4
261,10.875,pushup,2,2,0,0,0,0,0,4
263,10.958333333333334,pushup,2,2,0,0,0,0,0,4
265,11.041666666666666,pushup,2,2,0,0,0,0,0,4
267,11.125,pushup,2,2,0,0,0,0,0,4
269,11.208333333333334,pushup,2,2,0,0,0,0,0,4
271,11.291666666666666,pushup,2,2,0,0,0,0,0,4
273,11.375,pushup,2,2,0,0,0,0,0,4
275,11.458333333333334,pushup,2,2,0,0,0,0,0,4
277,11.541666666666666,pushup,2,2,0,0,0,0,0,4
279,11.625,pushup,2,2,0,0,0,0,0,4
281,11.708333333333334,pushup,2,2,0,0,0,0,0,4
283,11.791666666666666,pushup,2,2,0,0,0,0,0,4
285,11.875,pushup,2,2,0,0,0,0,0,4
287,11.958333333333334,pushup,2,2,0,0,0,0,0,4
289,12.041666666666666,pushup,2,2,0,0,0,0,0,4
291,12.125,pushup,2,2,0,0,0,0,0,4
293,12.208333333333334,pushup,2,2,0,0,0,0,0,4
295,12.291666666666666,pushup,2,2,0,0,0,0,0,4
297,12.375,pushup,2,2,0,0,0,0,0,4
299,12.458333333333334,pushup,2,2,0,0,0,0,0,4
301,12.541666666666666,pushup,2,2,0,0,0,0,0,4
303,12.625,pushup,3,2,0,0,0,0,0,5
305,12.708333333333334,pushup,3,2,0,0,0,0,0,5
307,12.791666666666666,pushup,3,2,0,0,0,0,0,5
309,12.875,pushup,3,2,0,0,0,0,0,5
311,12.958333333333334,pushup,3,2,0,0,0,0,0,5
313,13.041666666666666,pushup,3,2,0,0,0,0,0,5
315,13.125,pushup,3,2,0,0,0,0,0,5
317,13.208333333333334,pushup,3,2,0,0,0,0,0,5
319,13.291666666666666,pushup,3,2,0,0,0,0,0,5
321,13.375,pushup,3,2,0,0,0,0,0,5
323,13.458333333333334,pushup,3,2,0,0,0,0,0,5
325,13.541666666666666,pushup,3,2,0,0,0,0,0,5
327,13.625,pushup,3,2,0,0,0,0,0,5
329,13.708333333333334,pushup,3,2,0,0,0,0,0,5
331,13.791666666666666,pushup,3,2,0,0,0,0,0,5
333,13.875,pushup,3,2,0,0,0,0,0,5
335,13.958333333333334,pushup,3,2,0,0,0,0,0,5
337,14.041666666666666,pushup,3,2,0,0,0,0,0,5
339,14.125,pushup,3,2,0,0,0,0,0,5
341,14.208333333333334,pushup,3,2,0,0,0,0,0,5
343,14.291666666666666,pushup,3,2,0,0,0,0,0,5
345,14.375,pushup,3,2,0,0,0,0,0,5
347,14.458333333333334,pushup,3,2,0,0,0,0,0,5
349,14.541666666666666,pushup,3,2,0,0,0,0,0,5
351,14.625,pushup,3,2,0,0,0,0,0,5
353,14.708333333333334,pushup,3,2,0,0,0,0,0,5
355,14.791666666666666,pushup,3,2,0,0,0,0,0,5
357,14.875,pushup,3,2,0,0,0,0,0,5
359,14.958333333333334,pushup,3,2,0,0,0,0,0,5
361,15.041666666666666,pushup,3,2,0,0,0,0,0,5
363,15.125,pushup,4,2,0,0,0,0,0,6
365,15.208333333333334,pushup,4,2,0,0,0,0,0,6
367,15.291666666666666,pushup,4,2,0,0,0,0,0,6
369,15.375,pushup,4,2,0,0,0,0,0,6
371,15.458333333333334,pushup,4,2,0,0,0,0,0,6
373,15.541666666666666,pushup,4,2,0,0,0,0,0,6
375,15.625,pushup,4,2,0,0,0,0,0,6
377,15.708333333333334,pushup,4,2,0,0,0,0,0,6
379,15.791666666666666,pushup,4,2,0,0,0,0,0,6
381,15.875,pushup,4,2,0,0,0,0,0,6
383,15.958333333333334,pushup,4,2,0,0,0,0,0,6
385,16.041666666666668,pushup,4,2,0,0,0,0,0,6
387,16.125,pushup,4,2,0,0,0,0,0,6
389,16.208333333333332,pushup,4,2,0,0,0,0,0,6
391,16.291666666666668,pushup,4,2,0,0,0,0,0,6
393,16.375,pushup,4,2,0,0,0,0,0,6
395,16.458333333333332,pushup,4,2,0,0,0,0,0,6
397,16.541666666666668,pushup,4,2,0,0,0,0,0,6
399,16.625,pushup,4,2,0,0,0,0,0,6
401,16.708333333333332,pushup,4,2,0,0,0,0,0,6
403,16.791666666666668,pushup,4,2,0,0,0,0,0,6
405,16.875,pushup,4,2,0,0,0,0,0,6
407,16.958333333333332,pushup,4,2,0,0,0,0,0,6
409,17.041666666666668,pushup,4,2,0,0,0,0,0,6
411,17.125,pushup,4,2,0,0,0,0,0,6
413,17.208333333333332,pushup,4,2,0,0,0,0,0,6
415,17.291666666666668,pushup,4,2,0,0,0,0,0,6
417,17.375,pushup,4,2,0,0,0,0,0,6
419,17.458333333333332,pushup,4,2,0,0,0,0,0,6
421,17.541666666666668,pushup,4,2,0,0,0,0,0,6
423,17.625,run,4,2,0,0,1,0,0,7
425,17.708333333333332,run,4,2,0,0,1,0,0,7
427,17.791666666666668,run,4,2,0,0,1,0,0,7
429,17.875,run,4,2,0,0,1,0,0,7
431,17.958333333333332,run,4,2,0,0,1,0,0,7
433,18.041666666666668,run,4,2,0,0,1,0,0,7
435,18.125,run,4,2,0,0,1,0,0,7
437,18.208333333333332,run,4,2,0,0,1,0,0,7
439,18.291666666666668,run,4,2,0,0,1,0,0,7
441,18.375,run,4,2,0,0,1,0,0,7
443,18.458333333333332,run,4,2,0,0,1,0,0,7
445,18.541666666666668,run,4,2,0,0,1,0,0,7
447,18.625,run,4,2,0,0,1,0,0,7
449,18.708333333333332,run,4,2,0,0,1,0,0,7
451,18.791666666666668,run,4,2,0,0,1,0,0,7
453,18.875,run,4,2,0,0,1,0,0,7
455,18.958333333333332,run,4,2,0,0,1,0,0,7
457,19.041666666666668,run,4,2,0,0,1,0,0,7
459,19.125,run,4,2,0,0,1,0,0,7
461,19.208333333333332,run,4,2,0,0,1,0,0,7
463,19.291666666666668,run,4,2,0,0,1,0,0,7
465,19.375,run,4,2,0,0,1,0,0,7
467,19.458333333333332,run,4,2,0,0,1,0,0,7
469,19.541666666666668,run,4,2,0,0,1,0,0,7
471,19.625,run,4,2,0,0,1,0,0,7
473,19.708333333333332,run,4,2,0,0,1,0,0,7
475,19.791666666666668,run,4,2,0,0,1,0,0,7
477,19.875,run,4,2,0,0,1,0,0,7
479,19.958333333333332,run,4,2,0,0,1,0,0,7
481,20.041666666666668,run,4,2,0,0,1,0,0,7
483,20.125,pushup,5,2,0,0,1,0,0,8
485,20.208333333333332,pushup,5,2,0,0,1,0,0,8
487,20.291666666666668,pushup,5,2,0,0,1,0,0,8
489,20.375,pushup,5,2,0,0,1,0,0,8
491,20.458333333333332,pushup,5,2,0,0,1,0,0,8
493,20.541666666666668,pushup,5,2,0,0,1,0,0,8
495,20.625,pushup,5,2,0,0,1,0,0,8
497,20.708333333333332,pushup,5,2,0,0,1,0,0,8
499,20.791666666666668,pushup,5,2,0,0,1,0,0,8
501,20.875,pushup,5,2,0,0,1,0,0,8
503,20.958333333333332,pushup,5,2,0,0,1,0,0,8
505,21.041666666666668,pushup,5,2,0,0,1,0,0,8
507,21.125,pushup,5,2,0,0,1,0,0,8
509,21.208333333333332,pushup,5,2,0,0,1,0,0,8
511,21.291666666666668,pushup,5,2,0,0,1,0,0,8
513,21.375,pushup,5,2,0,0,1,0,0,8
515,21.458333333333332,pushup,5,2,0,0,1,0,0,8
517,21.541666666666668,pushup,5,2,0,0,1,0,0,8
519,21.625,pushup,5,2,0,0,1,0,0,8
521,21.708333333333332,pushup,5,2,0,0,1,0,0,8
523,21.791666666666668,pushup,5,2,0,0,1,0,0,8
525,21.875,pushup,5,2,0,0,1,0,0,8
527,21.958333333333332,pushup,5,2,0,0,1,0,0,8
529,22.041666666666668,pushup,5,2,0,0,1,0,0,8
531,22.125,pushup,5,2,0,0,1,0,0,8
533,22.208333333333332,pushup,5,2,0,0,1,0,0,8
535,22.291666666666668,pushup,5,2,0,0,1,0,0,8
537,22.375,pushup,5,2,0,0,1,0,0,8
539,22.458333333333332,pushup,5,2,0,0,1,0,0,8
541,22.541666666666668,pushup,5,2,0,0,1,0,0,8
543,22.625,pullup,5,2,0,1,1,0,0,9
545,22.708333333333332,pullup,5,2,0,1,1,0,0,9
547,22.791666666666668,pullup,5,2,0,1,1,0,0,9
549,22.875,pullup,5,2,0,1,1,0,0,9
551,22.958333333333332,pullup,5,2,0,1,1,0,0,9
553,23.041666666666668,pullup,5,2,0,1,1,0,0,9
555,23.125,pullup,5,2,0,1,1,0,0,9
557,23.208333333333332,pullup,5,2,0,1,1,0,0,9
559,23.291666666666668,pullup,5,2,0,1,1,0,0,9
561,23.375,pullup,5,2,0,1,1,0,0,9
563,23.458333333333332,pullup,5,2,0,1,1,0,0,9
565,23.541666666666668,pullup,5,2,0,1,1,0,0,9
567,23.625,pullup,5,2,0,1,1,0,0,9
569,23.708333333333332,pullup,5,2,0,1,1,0,0,9
571,23.791666666666668,pullup,5,2,0,1,1,0,0,9
573,23.875,pullup,5,2,0,1,1,0,0,9
575,23.958333333333332,pullup,5,2,0,1,1,0,0,9
577,24.041666666666668,pullup,5,2,0,1,1,0,0,9
579,24.125,pullup,5,2,0,1,1,0,0,9
581,24.208333333333332,pullup,5,2,0,1,1,0,0,9
583,24.291666666666668,pullup,5,2,0,1,1,0,0,9
585,24.375,pullup,5,2,0,1,1,0,0,9
587,24.458333333333332,pullup,5,2,0,1,1,0,0,9
589,24.541666666666668,pullup,5,2,0,1,1,0,0,9
591,24.625,pullup,5,2,0,1,1,0,0,9
593,24.708333333333332,pullup,5,2,0,1,1,0,0,9
595,24.791666666666668,pullup,5,2,0,1,1,0,0,9
597,24.875,pullup,5,2,0,1,1,0,0,9
599,24.958333333333332,pullup,5,2,0,1,1,0,0,9
601,25.041666666666668,pullup,5,2,0,1,1,0,0,9
603,25.125,squat,5,2,1,1,1,0,0,10
605,25.208333333333332,squat,5,2,1,1,1,0,0,10
607,25.291666666666668,squat,5,2,1,1,1,0,0,10
609,25.375,squat,5,2,1,1,1,0,0,10
611,25.458333333333332,squat,5,2,1,1,1,0,0,10
613,25.541666666666668,squat,5,2,1,1,1,0,0,10
615,25.625,squat,5,2,1,1,1,0,0,10
617,25.708333333333332,squat,5,2,1,1,1,0,0,10
619,25.791666666666668,squat,5,2,1,1,1,0,0,10
621,25.875,squat,5,2,1,1,1,0,0,10
623,25.958333333333332,squat,5,2,1,1,1,0,0,10
625,26.041666666666668,squat,5,2,1,1,1,0,0,10
627,26.125,squat,5,2,1,1,1,0,0,10
629,26.208333333333332,squat,5,2,1,1,1,0,0,10
631,26.291666666666668,squat,5,2,1,1,1,0,0,10
633,26.375,squat,5,2,1,1,1,0,0,10
635,26.458333333333332,squat,5,2,1,1,1,0,0,10
637,26.541666666666668,squat,5,2,1,1,1,0,0,10
639,26.625,squat,5,2,1,1,1,0,0,10
641,26.708333333333332,squat,5,2,1,1,1,0,0,10
643,26.791666666666668,squat,5,2,1,1,1,0,0,10
645,26.875,squat,5,2,1,1,1,0,0,10
647,26.958333333333332,squat,5,2,1,1,1,0,0,10
649,27.041666666666668,squat,5,2,1,1,1,0,0,10
651,27.125,squat,5,2,1,1,1,0,0,10
653,27.208333333333332,squat,5,2,1,1,1,0,0,10
655,27.291666666666668,squat,5,2,1,1,1,0,0,10
657,27.375,squat,5,2,1,1,1,0,0,10
659,27.458333333333332,squat,5,2,1,1,1,0,0,10
661,27.541666666666668,squat,5,2,1,1,1,0,0,10
663,27.625,pullup,5,2,1,2,1,0,0,11
665,27.708333333333332,pullup,5,2,1,2,1,0,0,11
667,27.791666666666668,pullup,5,2,1,2,1,0,0,11
669,27.875,pullup,5,2,1,2,1,0,0,11
671,27.958333333333332,pullup,5,2,1,2,1,0,0,11
673,28.041666666666668,pullup,5,2,1,2,1,0,0,11
675,28.125,pullup,5,2,1,2,1,0,0,11
677,28.208333333333332,pullup,5,2,1,2,1,0,0,11
679,28.291666666666668,pullup,5,2,1,2,1,0,0,11
681,28.375,pullup,5,2,1,2,1,0,0,11
683,28.458333333333332,pullup,5,2,1,2,1,0,0,11
685,28.541666666666668,pullup,5,2,1,2,1,0,0,11
687,28.625,pullup,5,2,1,2,1,0,0,11
689,28.708333333333332,pullup,5,2,1,2,1,0,0,11
691,28.791666666666668,pullup,5,2,1,2,1,0,0,11
693,28.875,pullup,5,2,1,2,1,0,0,11
695,28.958333333333332,pullup,5,2,1,2,1,0,0,11
697,29.041666666666668,pullup,5,2,1,2,1,0,0,11
699,29.125,pullup,5,2,1,2,1,0,0,11
701,29.208333333333332,pullup,5,2,1,2,1,0,0,11
703,29.291666666666668,pullup,5,2,1,2,1,0,0,11
705,29.375,pullup,5,2,1,2,1,0,0,11
707,29.458333333333332,pullup,5,2,1,2,1,0,0,11
709,29.541666666666668,pullup,5,2,1,2,1,0,0,11
711,29.625,pullup,5,2,1,2,1,0,0,11
713,29.708333333333332,pullup,5,2,1,2,1,0,0,11
715,29.791666666666668,pullup,5,2,1,2,1,0,0,11
717,29.875,pullup,5,2,1,2,1,0,0,11
719,29.958333333333332,pullup,5,2,1,2,1,0,0,11
721,30.041666666666668,pullup,5,2,1,2,1,0,0,11
723,30.125,pushup,6,2,1,2,1,0,0,12
725,30.208333333333332,pushup,6,2,1,2,1,0,0,12
727,30.291666666666668,pushup,6,2,1,2,1,0,0,12
729,30.375,pushup,6,2,1,2,1,0,0,12
731,30.458333333333332,pushup,6,2,1,2,1,0,0,12
733,30.541666666666668,pushup,6,2,1,2,1,0,0,12
735,30.625,pushup,6,2,1,2,1,0,0,12
737,30.708333333333332,pushup,6,2,1,2,1,0,0,12
739,30.791666666666668,pushup,6,2,1,2,1,0,0,12
741,30.875,pushup,6,2,1,2,1,0,0,12
743,30.958333333333332,pushup,6,2,1,2,1,0,0,12
745,31.041666666666668,pushup,6,2,1,2,1,0,0,12
747,31.125,pushup,6,2,1,2,1,0,0,12
749,31.208333333333332,pushup,6,2,1,2,1,0,0,12
751,31.291666666666668,pushup,6,2,1,2,1,0,0,12
753,31.375,pushup,6,2,1,2,1,0,0,12
755,31.458333333333332,pushup,6,2,1,2,1,0,0,12
757,31.541666666666668,pushup,6,2,1,2,1,0,0,12
759,31.625,pushup,6,2,1,2,1,0,0,12
761,31.708333333333332,pushup,6,2,1,2,1,0,0,12
763,31.791666666666668,pushup,6,2,1,2,1,0,0,12
765,31.875,pushup,6,2,1,2,1,0,0,12
767,31.958333333333332,pushup,6,2,1,2,1,0,0,12
769,32.041666666666664,pushup,6,2,1,2,1,0,0,12
771,32.125,pushup,6,2,1,2,1,0,0,12
773,32.208333333333336,pushup,6,2,1,2,1,0,0,12
775,32.291666666666664,pushup,6,2,1,2,1,0,0,12
777,32.375,pushup,6,2,1,2,1,0,0,12
779,32.458333333333336,pushup,6,2,1,2,1,0,0,12
781,32.541666666666664,pushup,6,2,1,2,1,0,0,12
783,32.625,pushup,7,2,1,2,1,0,0,13
785,32.708333333333336,pushup,7,2,1,2,1,0,0,13
787,32.791666666666664,pushup,7,2,1,2,1,0,0,13
789,32.875,pushup,7,2,1,2,1,0,0,13
791,32.958333333333336,pushup,7,2,1,2,1,0,0,13
793,33.041666666666664,pushup,7,2,1,2,1,0,0,13
795,33.125,pushup,7,2,1,2,1,0,0,13
797,33.208333333333336,pushup,7,2,1,2,1,0,0,13
799,33.291666666666664,pushup,7,2,1,2,1,0,0,13
801,33.375,pushup,7,2,1,2,1,0,0,13
803,33.458333333333336,pushup,7,2,1,2,1,0,0,13
805,33.541666666666664,pushup,7,2,1,2,1,0,0,13
807,33.625,pushup,7,2,1,2,1,0,0,13
809,33.708333333333336,pushup,7,2,1,2,1,0,0,13
811,33.791666666666664,pushup,7,2,1,2,1,0,0,13
813,33.875,pushup,7,2,1,2,1,0,0,13
815,33.958333333333336,pushup,7,2,1,2,1,0,0,13
817,34.041666666666664,pushup,7,2,1,2,1,0,0,13
819,34.125,pushup,7,2,1,2,1,0,0,13
821,34.208333333333336,pushup,7,2,1,2,1,0,0,13
823,34.291666666666664,pushup,7,2,1,2,1,0,0,13
825,34.375,pushup,7,2,1,2,1,0,0,13
827,34.458333333333336,pushup,7,2,1,2,1,0,0,13
829,34.541666666666664,pushup,7,2,1,2,1,0,0,13
831,34.625,pushup,7,2,1,2,1,0,0,13
833,34.708333333333336,pushup,7,2,1,2,1,0,0,13
835,34.791666666666664,pushup,7,2,1,2,1,0,0,13
837,34.875,pushup,7,2,1,2,1,0,0,13
839,34.958333333333336,pushup,7,2,1,2,1,0,0,13
841,35.041666666666664,pushup,7,2,1,2,1,0,0,13
843,35.125,pushup,8,2,1,2,1,0,0,14
845,35.208333333333336,pushup,8,2,1,2,1,0,0,14
847,35.291666666666664,pushup,8,2,1,2,1,0,0,14
849,35.375,pushup,8,2,1,2,1,0,0,14
851,35.458333333333336,pushup,8,2,1,2,1,0,0,14
853,35.541666666666664,pushup,8,2,1,2,1,0,0,14
855,35.625,pushup,8,2,1,2,1,0,0,14
857,35.708333333333336,pushup,8,2,1,2,1,0,0,14
859,35.791666666666664,pushup,8,2,1,2,1,0,0,14
861,35.875,pushup,8,2,1,2,1,0,0,14
863,35.958333333333336,pushup,8,2,1,2,1,0,0,14
865,36.041666666666664,pushup,8,2,1,2,1,0,0,14
867,36.125,pushup,8,2,1,2,1,0,0,14
869,36.208333333333336,pushup,8,2,1,2,1,0,0,14
871,36.291666666666664,pushup,8,2,1,2,1,0,0,14
873,36.375,pushup,8,2,1,2,1,0,0,14
875,36.458333333333336,pushup,8,2,1,2,1,0,0,14
877,36.541666666666664,pushup,8,2,1,2,1,0,0,14
879,36.625,pushup,8,2,1,2,1,0,0,14
881,36.708333333333336,pushup,8,2,1,2,1,0,0,14
883,36.791666666666664,pushup,8,2,1,2,1,0,0,14
885,36.875,pushup,8,2,1,2,1,0,0,14
887,36.958333333333336,pushup,8,2,1,2,1,0,0,14
889,37.041666666666664,pushup,8,2,1,2,1,0,0,14
891,37.125,pushup,8,2,1,2,1,0,0,14
893,37.208333333333336,pushup,8,2,1,2,1,0,0,14
895,37.291666666666664,pushup,8,2,1,2,1,0,0,14
897,37.375,pushup,8,2,1,2,1,0,0,14
899,37.458333333333336,pushup,8,2,1,2,1,0,0,14
901,37.541666666666664,pushup,8,2,1,2,1,0,0,14
903,37.625,pushup,8,2,1,2,1,0,0,14
905,37.708333333333336,pushup,9,2,1,2,1,0,0,15
907,37.791666666666664,pushup,9,2,1,2,1,0,0,15
909,37.875,pushup,9,2,1,2,1,0,0,15
911,37.958333333333336,pushup,9,2,1,2,1,0,0,15
913,38.041666666666664,pushup,9,2,1,2,1,0,0,15
915,38.125,pushup,9,2,1,2,1,0,0,15
917,38.208333333333336,pushup,9,2,1,2,1,0,0,15
919,38.291666666666664,pushup,9,2,1,2,1,0,0,15
921,38.375,pushup,9,2,1,2,1,0,0,15
923,38.458333333333336,pushup,9,2,1,2,1,0,0,15
925,38.541666666666664,pushup,9,2,1,2,1,0,0,15
927,38.625,pushup,9,2,1,2,1,0,0,15
929,38.708333333333336,pushup,9,2,1,2,1,0,0,15
931,38.791666666666664,pushup,9,2,1,2,1,0,0,15
933,38.875,pushup,9,2,1,2,1,0,0,15
935,38.958333333333336,pushup,9,2,1,2,1,0,0,15
937,39.041666666666664,pushup,9,2,1,2,1,0,0,15
939,39.125,pushup,9,2,1,2,1,0,0,15
941,39.208333333333336,pushup,9,2,1,2,1,0,0,15
943,39.291666666666664,pushup,9,2,1,2,1,0,0,15
945,39.375,pushup,9,2,1,2,1,0,0,15
947,39.458333333333336,pushup,9,2,1,2,1,0,0,15
949,39.541666666666664,pushup,9,2,1,2,1,0,0,15
951,39.625,pushup,9,2,1,2,1,0,0,15
953,39.708333333333336,pushup,9,2,1,2,1,0,0,15
955,39.791666666666664,pushup,9,2,1,2,1,0,0,15
957,39.875,pushup,9,2,1,2,1,0,0,15
959,39.958333333333336,pushup,9,2,1,2,1,0,0,15
961,40.041666666666664,pushup,9,2,1,2,1,0,0,15
963,40.125,pushup,9,2,1,2,1,0,0,15
965,40.208333333333336,pushup,10,2,1,2,1,0,0,16
967,40.291666666666664,pushup,10,2,1,2,1,0,0,16
969,40.375,pushup,10,2,1,2,1,0,0,16
971,40.458333333333336,pushup,10,2,1,2,1,0,0,16
973,40.541666666666664,pushup,10,2,1,2,1,0,0,16
975,40.625,pushup,10,2,1,2,1,0,0,16
977,40.708333333333336,pushup,10,2,1,2,1,0,0,16
979,40.791666666666664,pushup,10,2,1,2,1,0,0,16
981,40.875,pushup,10,2,1,2,1,0,0,16
983,40.958333333333336,pushup,10,2,1,2,1,0,0,16
985,41.041666666666664,pushup,10,2,1,2,1,0,0,16
987,41.125,pushup,10,2,1,2,1,0,0,16
989,41.208333333333336,pushup,10,2,1,2,1,0,0,16
991,41.291666666666664,pushup,10,2,1,2,1,0,0,16
993,41.375,pushup,10,2,1,2,1,0,0,16
995,41.458333333333336,pushup,10,2,1,2,1,0,0,16
997,41.541666666666664,pushup,10,2,1,2,1,0,0,16
999,41.625,pushup,10,2,1,2,1,0,0,16
1001,41.708333333333336,pushup,10,2,1,2,1,0,0,16
1003,41.791666666666664,pushup,10,2,1,2,1,0,0,16
1005,41.875,pushup,10,2,1,2,1,0,0,16
1007,41.958333333333336,pushup,10,2,1,2,1,0,0,16
1009,42.041666666666664,pushup,10,2,1,2,1,0,0,16
1011,42.125,pushup,10,2,1,2,1,0,0,16
1013,42.208333333333336,pushup,10,2,1,2,1,0,0,16
1015,42.291666666666664,pushup,10,2,1,2,1,0,0,16
1017,42.375,pushup,10,2,1,2,1,0,0,16
1019,42.458333333333336,pushup,10,2,1,2,1,0,0,16
1021,42.541666666666664,pushup,10,2,1,2,1,0,0,16
1023,42.625,pushup,10,2,1,2,1,0,0,16
1025,42.708333333333336,pullup,10,2,1,3,1,0,0,17
1027,42.791666666666664,pullup,10,2,1,3,1,0,0,17
1029,42.875,pullup,10,2,1,3,1,0,0,17
1031,42.958333333333336,pullup,10,2,1,3,1,0,0,17
1033,43.041666666666664,pullup,10,2,1,3,1,0,0,17
1035,43.125,pullup,10,2,1,3,1,0,0,17
1037,43.208333333333336,pullup,10,2,1,3,1,0,0,17
1039,43.291666666666664,pullup,10,2,1,3,1,0,0,17
1041,43.375,pullup,10,2,1,3,1,0,0,17
1043,43.458333333333336,pullup,10,2,1,3,1,0,0,17
1045,43.541666666666664,pullup,10,2,1,3,1,0,0,17
1047,43.625,pullup,10,2,1,3,1,0,0,17
1049,43.708333333333336,pullup,10,2,1,3,1,0,0,17
1051,43.791666666666664,pullup,10,2,1,3,1,0,0,17
1053,43.875,pullup,10,2,1,3,1,0,0,17
1055,43.958333333333336,pullup,10,2,1,3,1,0,0,17
1057,44.041666666666664,pullup,10,2,1,3,1,0,0,17
1059,44.125,pullup,10,2,1,3,1,0,0,17
1061,44.208333333333336,pullup,10,2,1,3,1,0,0,17
1063,44.291666666666664,pullup,10,2,1,3,1,0,0,17
1065,44.375,pullup,10,2,1,3,1,0,0,17
1067,44.458333333333336,pullup,10,2,1,3,1,0,0,17
1069,44.541666666666664,pullup,10,2,1,3,1,0,0,17
1071,44.625,pullup,10,2,1,3,1,0,0,17
1073,44.708333333333336,pullup,10,2,1,3,1,0,0,17
1075,44.791666666666664,pullup,10,2,1,3,1,0,0,17
1077,44.875,pullup,10,2,1,3,1,0,0,17
1079,44.958333333333336,pullup,10,2,1,3,1,0,0,17
1081,45.041666666666664,pullup,10,2,1,3,1,0,0,17
1083,45.125,pullup,10,2,1,3,1,0,0,17
1085,45.208333333333336,pullup,10,2,1,4,1,0,0,18
1087,45.291666666666664,pullup,10,2,1,4,1,0,0,18
1089,45.375,pullup,10,2,1,4,1,0,0,18
1091,45.458333333333336,pullup,10,2,1,4,1,0,0,18
1093,45.541666666666664,pullup,10,2,1,4,1,0,0,18
1095,45.625,pullup,10,2,1,4,1,0,0,18
1097,45.708333333333336,pullup,10,2,1,4,1,0,0,18
1099,45.791666666666664,pullup,10,2,1,4,1,0,0,18
1101,45.875,pullup,10,2,1,4,1,0,0,18
1103,45.958333333333336,pullup,10,2,1,4,1,0,0,18
1105,46.041666666666664,pullup,10,2,1,4,1,0,0,18
1107,46.125,pullup,10,2,1,4,1,0,0,18
1109,46.208333333333336,pullup,10,2,1,4,1,0,0,18
1111,46.291666666666664,pullup,10,2,1,4,1,0,0,18
1113,46.375,pullup,10,2,1,4,1,0,0,18
1115,46.458333333333336,pullup,10,2,1,4,1,0,0,18
1117,46.541666666666664,pullup,10,2,1,4,1,0,0,18
1119,46.625,pullup,10,2,1,4,1,0,0,18
1121,46.708333333333336,pullup,10,2,1,4,1,0,0,18
1123,46.791666666666664,pullup,10,2,1,4,1,0,0,18
1125,46.875,pullup,10,2,1,4,1,0,0,18
1127,46.958333333333336,pullup,10,2,1,4,1,0,0,18
1129,47.041666666666664,pullup,10,2,1,4,1,0,0,18
1131,47.125,pullup,10,2,1,4,1,0,0,18
1133,47.208333333333336,pullup,10,2,1,4,1,0,0,18
1135,47.291666666666664,pullup,10,2,1,4,1,0,0,18
1137,47.375,pullup,10,2,1,4,1,0,0,18
1139,47.458333333333336,pullup,10,2,1,4,1,0,0,18
1141,47.541666666666664,pullup,10,2,1,4,1,0,0,18
1143,47.625,pullup,10,2,1,4,1,0,0,18
1145,47.708333333333336,pullup,10,2,1,5,1,0,0,19
1147,47.791666666666664,pullup,10,2,1,5,1,0,0,19
1149,47.875,pullup,10,2,1,5,1,0,0,19
1151,47.958333333333336,pullup,10,2,1,5,1,0,0,19
1153,48.041666666666664,pullup,10,2,1,5,1,0,0,19
1155,48.125,pullup,10,2,1,5,1,0,0,19
1157,48.208333333333336,pullup,10,2,1,5,1,0,0,19
1159,48.291666666666664,pullup,10,2,1,5,1,0,0,19
1161,48.375,pullup,10,2,1,5,1,0,0,19
1163,48.458333333333336,pullup,10,2,1,5,1,0,0,19
1165,48.541666666666664,pullup,10,2,1,5,1,0,0,19
1167,48.625,pullup,10,2,1,5,1,0,0,19
1169,48.708333333333336,pullup,10,2,1,5,1,0,0,19
1171,48.791666666666664,pullup,10,2,1,5,1,0,0,19
1173,48.875,pullup,10,2,1,5,1,0,0,19
1175,48.958333333333336,pullup,10,2,1,5,1,0,0,19
1177,49.041666666666664,pullup,10,2,1,5,1,0,0,19
1179,49.125,pullup,10,2,1,5,1,0,0,19
1181,49.208333333333336,pullup,10,2,1,5,1,0,0,19
1183,49.291666666666664,pullup,10,2,1,5,1,0,0,19
1185,49.375,pullup,10,2,1,5,1,0,0,19
1187,49.458333333333336,pullup,10,2,1,5,1,0,0,19
1189,49.541666666666664,pullup,10,2,1,5,1,0,0,19
1191,49.625,pullup,10,2,1,5,1,0,0,19
1193,49.708333333333336,pullup,10,2,1,5,1,0,0,19
1195,49.791666666666664,pullup,10,2,1,5,1,0,0,19
1197,49.875,pullup,10,2,1,5,1,0,0,19
1199,49.958333333333336,pullup,10,2,1,5,1,0,0,19
1201,50.041666666666664,pullup,10,2,1,5,1,0,0,19
1203,50.125,pullup,10,2,1,5,1,0,0,19
1205,50.208333333333336,pullup,10,2,1,5,1,0,0,19
1207,50.291666666666664,pullup,10,2,1,6,1,0,0,20
1209,50.375,pullup,10,2,1,6,1,0,0,20
1211,50.458333333333336,pullup,10,2,1,6,1,0,0,20
1213,50.541666666666664,pullup,10,2,1,6,1,0,0,20
1215,50.625,pullup,10,2,1,6,1,0,0,20
1217,50.708333333333336,pullup,10,2,1,6,1,0,0,20
1219,50.791666666666664,pullup,10,2,1,6,1,0,0,20
1221,50.875,pullup,10,2,1,6,1,0,0,20
1223,50.958333333333336,pullup,10,2,1,6,1,0,0,20
1225,51.041666666666664,pullup,10,2,1,6,1,0,0,20
1227,51.125,pullup,10,2,1,6,1,0,0,20
1229,51.208333333333336,pullup,10,2,1,6,1,0,0,20
1231,51.291666666666664,pullup,10,2,1,6,1,0,0,20
1233,51.375,pullup,10,2,1,6,1,0,0,20
1235,51.458333333333336,pullup,10,2,1,6,1,0,0,20
1237,51.541666666666664,pullup,10,2,1,6,1,0,0,20
1239,51.625,pullup,10,2,1,6,1,0,0,20
1241,51.708333333333336,pullup,10,2,1,6,1,0,0,20
1243,51.791666666666664,pullup,10,2,1,6,1,0,0,20
1245,51.875,pullup,10,2,1,6,1,0,0,20
1247,51.958333333333336,pullup,10,2,1,6,1,0,0,20
1249,52.041666666666664,pullup,10,2,1,6,1,0,0,20
1251,52.125,pullup,10,2,1,6,1,0,0,20
1253,52.208333333333336,pullup,10,2,1,6,1,0,0,20
1255,52.291666666666664,pullup,10,2,1,6,1,0,0,20
1257,52.375,pullup,10,2,1,6,1,0,0,20
1259,52.458333333333336,pullup,10,2,1,6,1,0,0,20
1261,52.541666666666664,pullup,10,2,1,6,1,0,0,20
1263,52.625,pullup,10,2,1,6,1,0,0,20
1265,52.708333333333336,pullup,10,2,1,6,1,0,0,20
1267,52.791666666666664,pushup,11,2,1,6,1,0,0,21
1269,52.875,pushup,11,2,1,6,1,0,0,21
1271,52.958333333333336,pushup,11,2,1,6,1,0,0,21
1273,53.041666666666664,pushup,11,2,1,6,1,0,0,21
1275,53.125,pushup,11,2,1,6,1,0,0,21
1277,53.208333333333336,pushup,11,2,1,6,1,0,0,21
1279,53.291666666666664,pushup,11,2,1,6,1,0,0,21
1281,53.375,pushup,11,2,1,6,1,0,0,21
1283,53.458333333333336,pushup,11,2,1,6,1,0,0,21
1285,53.541666666666664,pushup,11,2,1,6,1,0,0,21
1287,53.625,pushup,11,2,1,6,1,0,0,21
1289,53.708333333333336,pushup,11,2,1,6,1,0,0,21
1291,53.791666666666664,pushup,11,2,1,6,1,0,0,21
1293,53.875,pushup,11,2,1,6,1,0,0,21
1295,53.958333333333336,pushup,11,2,1,6,1,0,0,21
1297,54.041666666666664,pushup,11,2,1,6,1,0,0,21
1299,54.125,pushup,11,2,1,6,1,0,0,21
1301,54.208333333333336,pushup,11,2,1,6,1,0,0,21
1303,54.291666666666664,pushup,11,2,1,6,1,0,0,21
1305,54.375,pushup,11,2,1,6,1,0,0,21
1307,54.458333333333336,pushup,11,2,1,6,1,0,0,21
1309,54.541666666666664,pushup,11,2,1,6,1,0,0,21
1311,54.625,pushup,11,2,1,6,1,0,0,21
1313,54.708333333333336,pushup,11,2,1,6,1,0,0,21
1315,54.791666666666664,pushup,11,2,1,6,1,0,0,21
1317,54.875,pushup,11,2,1,6,1,0,0,21
1319,54.958333333333336,pushup,11,2,1,6,1,0,0,21
1321,55.041666666666664,pushup,11,2,1,6,1,0,0,21
1323,55.125,pushup,11,2,1,6,1,0,0,21
1325,55.208333333333336,pushup,11,2,1,6,1,0,0,21
1327,55.291666666666664,pushup,12,2,1,6,1,0,0,22
1329,55.375,pushup,12,2,1,6,1,0,0,22
1331,55.458333333333336,pushup,12,2,1,6,1,0,0,22
1333,55.541666666666664,pushup,12,2,1,6,1,0,0,22
1335,55.625,pushup,12,2,1,6,1,0,0,22
1337,55.708333333333336,pushup,12,2,1,6,1,0,0,22
1339,55.791666666666664,pushup,12,2,1,6,1,0,0,22
1341,55.875,pushup,12,2,1,6,1,0,0,22
1343,55.958333333333336,pushup,12,2,1,6,1,0,0,22
1345,56.041666666666664,pushup,12,2,1,6,1,0,0,22
1347,56.125,pushup,12,2,1,6,1,0,0,22
1349,56.208333333333336,pushup,12,2,1,6,1,0,0,22
1351,56.291666666666664,pushup,12,2,1,6,1,0,0,22
1353,56.375,pushup,12,2,1,6,1,0,0,22
1355,56.458333333333336,pushup,12,2,1,6,1,0,0,22
1357,56.541666666666664,pushup,12,2,1,6,1,0,0,22
1359,56.625,pushup,12,2,1,6,1,0,0,22
1361,56.708333333333336,pushup,12,2,1,6,1,0,0,22
1363,56.791666666666664,pushup,12,2,1,6,1,0,0,22
1365,56.875,pushup,12,2,1,6,1,0,0,22
1367,56.958333333333336,pushup,12,2,1,6,1,0,0,22
1369,57.041666666666664,pushup,12,2,1,6,1,0,0,22
1371,57.125,pushup,12,2,1,6,1,0,0,22
1373,57.208333333333336,pushup,12,2,1,6,1,0,0,22
1375,57.291666666666664,pushup,12,2,1,6,1,0,0,22
1377,57.375,pushup,12,2,1,6,1,0,0,22
1379,57.458333333333336,pushup,12,2,1,6,1,0,0,22
1381,57.541666666666664,pushup,12,2,1,6,1,0,0,22
1383,57.625,pushup,12,2,1,6,1,0,0,22
1385,57.708333333333336,pushup,12,2,1,6,1,0,0,22
1387,57.791666666666664,pushup,12,2,1,6,1,0,0,22
1389,57.875,pushup,13,2,1,6,1,0,0,23
1391,57.958333333333336,pushup,13,2,1,6,1,0,0,23
1393,58.041666666666664,pushup,13,2,1,6,1,0,0,23
1395,58.125,pushup,13,2,1,6,1,0,0,23
1397,58.208333333333336,pushup,13,2,1,6,1,0,0,23
1399,58.291666666666664,pushup,13,2,1,6,1,0,0,23
1401,58.375,pushup,13,2,1,6,1,0,0,23
1403,58.458333333333336,pushup,13,2,1,6,1,0,0,23
1405,58.541666666666664,pushup,13,2,1,6,1,0,0,23
1407,58.625,pushup,13,2,1,6,1,0,0,23
1409,58.708333333333336,pushup,13,2,1,6,1,0,0,23
1411,58.791666666666664,pushup,13,2,1,6,1,0,0,23
1413,58.875,pushup,13,2,1,6,1,0,0,23
1415,58.958333333333336,pushup,13,2,1,6,1,0,0,23
1417,59.041666666666664,pushup,13,2,1,6,1,0,0,23
1419,59.125,pushup,13,2,1,6,1,0,0,23
1421,59.208333333333336,pushup,13,2,1,6,1,0,0,23
1423,59.291666666666664,pushup,13,2,1,6,1,0,0,23
1425,59.375,pushup,13,2,1,6,1,0,0,23
1427,59.458333333333336,pushup,13,2,1,6,1,0,0,23
1429,59.541666666666664,pushup,13,2,1,6,1,0,0,23
1431,59.625,pushup,13,2,1,6,1,0,0,23
1433,59.708333333333336,pushup,13,2,1,6,1,0,0,23
1435,59.791666666666664,pushup,13,2,1,6,1,0,0,23
1437,59.875,pushup,13,2,1,6,1,0,0,23
1439,59.958333333333336,pushup,13,2,1,6,1,0,0,23
1441,60.041666666666664,pushup,13,2,1,6,1,0,0,23
1443,60.125,pushup,13,2,1,6,1,0,0,23
1445,60.208333333333336,pushup,13,2,1,6,1,0,0,23
1447,60.291666666666664,pushup,13,2,1,6,1,0,0,23
1449,60.375,run,13,2,1,6,2,0,0,24
1451,60.458333333333336,run,13,2,1,6,2,0,0,24
1453,60.541666666666664,run,13,2,1,6,2,0,0,24
1455,60.625,run,13,2,1,6,2,0,0,24
1457,60.708333333333336,run,13,2,1,6,2,0,0,24
1459,60.791666666666664,run,13,2,1,6,2,0,0,24
1461,60.875,run,13,2,1,6,2,0,0,24
1463,60.958333333333336,run,13,2,1,6,2,0,0,24
1465,61.041666666666664,run,13,2,1,6,2,0,0,24
1467,61.125,run,13,2,1,6,2,0,0,24
1469,61.208333333333336,run,13,2,1,6,2,0,0,24
1471,61.291666666666664,run,13,2,1,6,2,0,0,24
1473,61.375,run,13,2,1,6,2,0,0,24
1475,61.458333333333336,run,13,2,1,6,2,0,0,24
1477,61.541666666666664,run,13,2,1,6,2,0,0,24
1479,61.625,run,13,2,1,6,2,0,0,24
1481,61.708333333333336,run,13,2,1,6,2,0,0,24
1483,61.791666666666664,run,13,2,1,6,2,0,0,24
1485,61.875,run,13,2,1,6,2,0,0,24
1487,61.958333333333336,run,13,2,1,6,2,0,0,24
1489,62.041666666666664,run,13,2,1,6,2,0,0,24
1491,62.125,run,13,2,1,6,2,0,0,24
1493,62.208333333333336,run,13,2,1,6,2,0,0,24
1495,62.291666666666664,run,13,2,1,6,2,0,0,24
1497,62.375,run,13,2,1,6,2,0,0,24
1499,62.458333333333336,run,13,2,1,6,2,0,0,24
1501,62.541666666666664,run,13,2,1,6,2,0,0,24
1503,62.625,run,13,2,1,6,2,0,0,24
1505,62.708333333333336,run,13,2,1,6,2,0,0,24
1507,62.791666666666664,run,13,2,1,6,2,0,0,24
1509,62.875,pushup,14,2,1,6,2,0,0,25
1511,62.958333333333336,pushup,14,2,1,6,2,0,0,25
1513,63.041666666666664,pushup,14,2,1,6,2,0,0,25
1515,63.125,pushup,14,2,1,6,2,0,0,25
1517,63.208333333333336,pushup,14,2,1,6,2,0,0,25
1519,63.291666666666664,pushup,14,2,1,6,2,0,0,25
1521,63.375,pushup,14,2,1,6,2,0,0,25
1523,63.458333333333336,pushup,14,2,1,6,2,0,0,25
1525,63.541666666666664,pushup,14,2,1,6,2,0,0,25
1527,63.625,pushup,14,2,1,6,2,0,0,25
1529,63.708333333333336,pushup,14,2,1,6,2,0,0,25
1531,63.791666666666664,pushup,14,2,1,6,2,0,0,25
1533,63.875,pushup,14,2,1,6,2,0,0,25
1535,63.958333333333336,pushup,14,2,1,6,2,0,0,25
1537,64.04166666666667,pushup,14,2,1,6,2,0,0,25
1539,64.125,pushup,14,2,1,6,2,0,0,25
1541,64.20833333333333,pushup,14,2,1,6,2,0,0,25
1543,64.29166666666667,pushup,14,2,1,6,2,0,0,25
1545,64.375,pushup,14,2,1,6,2,0,0,25
1547,64.45833333333333,pushup,14,2,1,6,2,0,0,25
1549,64.54166666666667,pushup,14,2,1,6,2,0,0,25
1551,64.625,pushup,14,2,1,6,2,0,0,25
1553,64.70833333333333,pushup,14,2,1,6,2,0,0,25
1555,64.79166666666667,pushup,14,2,1,6,2,0,0,25
1557,64.875,pushup,14,2,1,6,2,0,0,25
1559,64.95833333333333,pushup,14,2,1,6,2,0,0,25
1561,65.04166666666667,pushup,14,2,1,6,2,0,0,25
1563,65.125,pushup,14,2,1,6,2,0,0,25
1565,65.20833333333333,pushup,14,2,1,6,2,0,0,25
1567,65.29166666666667,pushup,14,2,1,6,2,0,0,25
1569,65.375,run,14,2,1,6,3,0,0,26
1571,65.45833333333333,run,14,2,1,6,3,0,0,26
1573,65.54166666666667,run,14,2,1,6,3,0,0,26
1575,65.625,run,14,2,1,6,3,0,0,26
1577,65.70833333333333,run,14,2,1,6,3,0,0,26
1579,65.79166666666667,run,14,2,1,6,3,0,0,26
1581,65.875,run,14,2,1,6,3,0,0,26
1583,65.95833333333333,run,14,2,1,6,3,0,0,26
1585,66.04166666666667,run,14,2,1,6,3,0,0,26
1587,66.125,run,14,2,1,6,3,0,0,26
1589,66.20833333333333,run,14,2,1,6,3,0,0,26
1591,66.29166666666667,run,14,2,1,6,3,0,0,26
1593,66.375,run,14,2,1,6,3,0,0,26
1595,66.45833333333333,run,14,2,1,6,3,0,0,26
1597,66.54166666666667,run,14,2,1,6,3,0,0,26
1599,66.625,run,14,2,1,6,3,0,0,26
1601,66.70833333333333,run,14,2,1,6,3,0,0,26
1603,66.79166666666667,run,14,2,1,6,3,0,0,26
1605,66.875,run,14,2,1,6,3,0,0,26
1607,66.95833333333333,run,14,2,1,6,3,0,0,26
1609,67.04166666666667,run,14,2,1,6,3,0,0,26
1611,67.125,run,14,2,1,6,3,0,0,26
1613,67.20833333333333,run,14,2,1,6,3,0,0,26
1615,67.29166666666667,run,14,2,1,6,3,0,0,26
1617,67.375,run,14,2,1,6,3,0,0,26
1619,67.45833333333333,run,14,2,1,6,3,0,0,26
1621,67.54166666666667,run,14,2,1,6,3,0,0,26
1623,67.625,run,14,2,1,6,3,0,0,26
1625,67.70833333333333,run,14,2,1,6,3,0,0,26
1627,67.79166666666667,run,14,2,1,6,3,0,0,26
1629,67.875,pushup,15,2,1,6,3,0,0,27
1631,67.95833333333333,pushup,15,2,1,6,3,0,0,27
1633,68.04166666666667,pushup,15,2,1,6,3,0,0,27
1635,68.125,pushup,15,2,1,6,3,0,0,27
1637,68.20833333333333,pushup,15,2,1,6,3,0,0,27
1639,68.29166666666667,pushup,15,2,1,6,3,0,0,27
1641,68.375,pushup,15,2,1,6,3,0,0,27
1643,68.45833333333333,pushup,15,2,1,6,3,0,0,27
1645,68.54166666666667,pushup,15,2,1,6,3,0,0,27
1647,68.625,pushup,15,2,1,6,3,0,0,27
1649,68.70833333333333,pushup,15,2,1,6,3,0,0,27
1651,68.79166666666667,pushup,15,2,1,6,3,0,0,27
1653,68.875,pushup,15,2,1,6,3,0,0,27
1655,68.95833333333333,pushup,15,2,1,6,3,0,0,27
1657,69.04166666666667,pushup,15,2,1,6,3,0,0,27
1659,69.125,pushup,15,2,1,6,3,0,0,27
1661,69.20833333333333,pushup,15,2,1,6,3,0,0,27
1663,69.29166666666667,pushup,15,2,1,6,3,0,0,27
1665,69.375,pushup,15,2,1,6,3,0,0,27
1667,69.45833333333333,pushup,15,2,1,6,3,0,0,27
1669,69.54166666666667,pushup,15,2,1,6,3,0,0,27
1671,69.625,pushup,15,2,1,6,3,0,0,27
1673,69.70833333333333,pushup,15,2,1,6,3,0,0,27
1675,69.79166666666667,pushup,15,2,1,6,3,0,0,27
1677,69.875,pushup,15,2,1,6,3,0,0,27
1679,69.95833333333333,pushup,15,2,1,6,3,0,0,27
1681,70.04166666666667,pushup,15,2,1,6,3,0,0,27
1683,70.125,pushup,15,2,1,6,3,0,0,27
1685,70.20833333333333,pushup,15,2,1,6,3,0,0,27
1687,70.29166666666667,pushup,15,2,1,6,3,0,0,27
1689,70.375,pushup,15,2,1,6,3,0,0,27
1691,70.45833333333333,pushup,16,2,1,6,3,0,0,28
1693,70.54166666666667,pushup,16,2,1,6,3,0,0,28
1695,70.625,pushup,16,2,1,6,3,0,0,28
1697,70.70833333333333,pushup,16,2,1,6,3,0,0,28
1699,70.79166666666667,pushup,16,2,1,6,3,0,0,28
1701,70.875,pushup,16,2,1,6,3,0,0,28
1703,70.95833333333333,pushup,16,2,1,6,3,0,0,28
1705,71.04166666666667,pushup,16,2,1,6,3,0,0,28
1707,71.125,pushup,16,2,1,6,3,0,0,28
1709,71.20833333333333,pushup,16,2,1,6,3,0,0,28
1711,71.29166666666667,pushup,16,2,1,6,3,0,0,28
1713,71.375,pushup,16,2,1,6,3,0,0,28
1715,71.45833333333333,pushup,16,2,1,6,3,0,0,28
1717,71.54166666666667,pushup,16,2,1,6,3,0,0,28
1719,71.625,pushup,16,2,1,6,3,0,0,28
1721,71.70833333333333,pushup,16,2,1,6,3,0,0,28
1723,71.79166666666667,pushup,16,2,1,6,3,0,0,28
1725,71.875,pushup,16,2,1,6,3,0,0,28
1727,71.95833333333333,pushup,16,2,1,6,3,0,0,28
1729,72.04166666666667,pushup,16,2,1,6,3,0,0,28
1731,72.125,pushup,16,2,1,6,3,0,0,28
1733,72.20833333333333,pushup,16,2,1,6,3,0,0,28
1735,72.29166666666667,pushup,16,2,1,6,3,0,0,28
1737,72.375,pushup,16,2,1,6,3,0,0,28
1739,72.45833333333333,pushup,16,2,1,6,3,0,0,28
1741,72.54166666666667,pushup,16,2,1,6,3,0,0,28
1743,72.625,pushup,16,2,1,6,3,0,0,28
1745,72.70833333333333,pushup,16,2,1,6,3,0,0,28
1747,72.79166666666667,pushup,16,2,1,6,3,0,0,28
1749,72.875,pushup,16,2,1,6,3,0,0,28
1751,72.95833333333333,abworkout,16,3,1,6,3,0,0,29
1753,73.04166666666667,abworkout,16,3,1,6,3,0,0,29
1755,73.125,abworkout,16,3,1,6,3,0,0,29
1757,73.20833333333333,abworkout,16,3,1,6,3,0,0,29
1759,73.29166666666667,abworkout,16,3,1,6,3,0,0,29
1761,73.375,abworkout,16,3,1,6,3,0,0,29
1763,73.45833333333333,abworkout,16,3,1,6,3,0,0,29
1765,73.54166666666667,abworkout,16,3,1,6,3,0,0,29
1767,73.625,abworkout,16,3,1,6,3,0,0,29
1769,73.70833333333333,abworkout,16,3,1,6,3,0,0,29
1771,73.79166666666667,abworkout,16,3,1,6,3,0,0,29
1773,73.875,abworkout,16,3,1,6,3,0,0,29
1775,73.95833333333333,abworkout,16,3,1,6,3,0,0,29
1777,74.04166666666667,abworkout,16,3,1,6,3,0,0,29
1779,74.125,abworkout,16,3,1,6,3,0,0,29
1781,74.20833333333333,abworkout,16,3,1,6,3,0,0,29
1783,74.29166666666667,abworkout,16,3,1,6,3,0,0,29
1785,74.375,abworkout,16,3,1,6,3,0,0,29
1787,74.45833333333333,abworkout,16,3,1,6,3,0,0,29
1789,74.54166666666667,abworkout,16,3,1,6,3,0,0,29
1791,74.625,abworkout,16,3,1,6,3,0,0,29
1793,74.70833333333333,abworkout,16,3,1,6,3,0,0,29
1795,74.79166666666667,abworkout,16,3,1,6,3,0,0,29
1797,74.875,abworkout,16,3,1,6,3,0,0,29
1799,74.95833333333333,abworkout,16,3,1,6,3,0,0,29
1801,75.04166666666667,abworkout,16,3,1,6,3,0,0,29
1803,75.125,abworkout,16,3,1,6,3,0,0,29
1805,75.20833333333333,abworkout,16,3,1,6,3,0,0,29
1807,75.29166666666667,abworkout,16,3,1,6,3,0,0,29
1809,75.375,abworkout,16,3,1,6,3,0,0,29
1811,75.45833333333333,abworkout,16,4,1,6,3,0,0,30
1813,75.54166666666667,abworkout,16,4,1,6,3,0,0,30
1815,75.625,abworkout,16,4,1,6,3,0,0,30
1817,75.70833333333333,abworkout,16,4,1,6,3,0,0,30
1819,75.79166666666667,abworkout,16,4,1,6,3,0,0,30
1821,75.875,abworkout,16,4,1,6,3,0,0,30
1823,75.95833333333333,abworkout,16,4,1,6,3,0,0,30
1825,76.04166666666667,abworkout,16,4,1,6,3,0,0,30
1827,76.125,abworkout,16,4,1,6,3,0,0,30
1829,76.20833333333333,abworkout,16,4,1,6,3,0,0,30
1831,76.29166666666667,abworkout,16,4,1,6,3,0,0,30
1833,76.375,abworkout,16,4,1,6,3,0,0,30
1835,76.45833333333333,abworkout,16,4,1,6,3,0,0,30
1837,76.54166666666667,abworkout,16,4,1,6,3,0,0,30
1839,76.625,abworkout,16,4,1,6,3,0,0,30
1841,76.70833333333333,abworkout,16,4,1,6,3,0,0,30
1843,76.79166666666667,abworkout,16,4,1,6,3,0,0,30
1845,76.875,abworkout,16,4,1,6,3,0,0,30
1847,76.95833333333333,abworkout,16,4,1,6,3,0,0,30
1849,77.04166666666667,abworkout,16,4,1,6,3,0,0,30
1851,77.125,abworkout,16,4,1,6,3,0,0,30
1853,77.20833333333333,abworkout,16,4,1,6,3,0,0,30
1855,77.29166666666667,abworkout,16,4,1,6,3,0,0,30
1857,77.375,abworkout,16,4,1,6,3,0,0,30
1859,77.45833333333333,abworkout,16,4,1,6,3,0,0,30
1861,77.54166666666667,abworkout,16,4,1,6,3,0,0,30
1863,77.625,abworkout,16,4,1,6,3,0,0,30
1865,77.70833333333333,abworkout,16,4,1,6,3,0,0,30
1867,77.79166666666667,abworkout,16,4,1,6,3,0,0,30
1869,77.875,abworkout,16,4,1,6,3,0,0,30
1871,77.95833333333333,abworkout,16,5,1,6,3,0,0,31
1873,78.04166666666667,abworkout,16,5,1,6,3,0,0,31
1875,78.125,abworkout,16,5,1,6,3,0,0,31
1877,78.20833333333333,abworkout,16,5,1,6,3,0,0,31
1879,78.29166666666667,abworkout,16,5,1,6,3,0,0,31
1881,78.375,abworkout,16,5,1,6,3,0,0,31
1883,78.45833333333333,abworkout,16,5,1,6,3,0,0,31
1885,78.54166666666667,abworkout,16,5,1,6,3,0,0,31
1887,78.625,abworkout,16,5,1,6,3,0,0,31
1889,78.70833333333333,abworkout,16,5,1,6,3,0,0,31
1891,78.79166666666667,abworkout,16,5,1,6,3,0,0,31
1893,78.875,abworkout,16,5,1,6,3,0,0,31
1895,78.95833333333333,abworkout,16,5,1,6,3,0,0,31
1897,79.04166666666667,abworkout,16,5,1,6,3,0,0,31
1899,79.125,abworkout,16,5,1,6,3,0,0,31
1901,79.20833333333333,abworkout,16,5,1,6,3,0,0,31
1903,79.29166666666667,abworkout,16,5,1,6,3,0,0,31
1905,79.375,abworkout,16,5,1,6,3,0,0,31
1907,79.45833333333333,abworkout,16,5,1,6,3,0,0,31
1909,79.54166666666667,abworkout,16,5,1,6,3,0,0,31
1911,79.625,abworkout,16,5,1,6,3,0,0,31
1913,79.70833333333333,abworkout,16,5,1,6,3,0,0,31
1915,79.79166666666667,abworkout,16,5,1,6,3,0,0,31
1917,79.875,abworkout,16,5,1,6,3,0,0,31
1919,79.95833333333333,abworkout,16,5,1,6,3,0,0,31
1921,80.04166666666667,abworkout,16,5,1,6,3,0,0,31
1923,80.125,abworkout,16,5,1,6,3,0,0,31
1925,80.20833333333333,abworkout,16,5,1,6,3,0,0,31
1927,80.29166666666667,abworkout,16,5,1,6,3,0,0,31
1929,80.375,abworkout,16,5,1,6,3,0,0,31
1931,80.45833333333333,abworkout,16,6,1,6,3,0,0,32
1933,80.54166666666667,abworkout,16,6,1,6,3,0,0,32
1935,80.625,abworkout,16,6,1,6,3,0,0,32
1937,80.70833333333333,abworkout,16,6,1,6,3,0,0,32
1939,80.79166666666667,abworkout,16,6,1,6,3,0,0,32
1941,80.875,abworkout,16,6,1,6,3,0,0,32
1943,80.95833333333333,abworkout,16,6,1,6,3,0,0,32
1945,81.04166666666667,abworkout,16,6,1,6,3,0,0,32
1947,81.125,abworkout,16,6,1,6,3,0,0,32
1949,81.20833333333333,abworkout,16,6,1,6,3,0,0,32
1951,81.29166666666667,abworkout,16,6,1,6,3,0,0,32
1953,81.375,abworkout,16,6,1,6,3,0,0,32
1955,81.45833333333333,abworkout,16,6,1,6,3,0,0,32
1957,81.54166666666667,abworkout,16,6,1,6,3,0,0,32
1959,81.625,abworkout,16,6,1,6,3,0,0,32
1961,81.70833333333333,abworkout,16,6,1,6,3,0,0,32
1963,81.79166666666667,abworkout,16,6,1,6,3,0,0,32
1965,81.875,abworkout,16,6,1,6,3,0,0,32
1967,81.95833333333333,abworkout,16,6,1,6,3,0,0,32
1969,82.04166666666667,abworkout,16,6,1,6,3,0,0,32
1971,82.125,abworkout,16,6,1,6,3,0,0,32
1973,82.20833333333333,abworkout,16,6,1,6,3,0,0,32
1975,82.29166666666667,abworkout,16,6,1,6,3,0,0,32
1977,82.375,abworkout,16,6,1,6,3,0,0,32
1979,82.45833333333333,abworkout,16,6,1,6,3,0,0,32
1981,82.54166666666667,abworkout,16,6,1,6,3,0,0,32
1983,82.625,abworkout,16,6,1,6,3,0,0,32
1985,82.70833333333333,abworkout,16,6,1,6,3,0,0,32
1987,82.79166666666667,abworkout,16,6,1,6,3,0,0,32
1989,82.875,abworkout,16,6,1,6,3,0,0,32
